stop_name,lat,lon
10 Mile Bazar,,
10 No Majhipara,,
11 Mile,,
2 No Tank,,
4 No Bridge,,
45 Bus Stand,,
58 Gate,,
5no Haat,,
7 Mile Bazar,,
8 No Kalibari,,
AMRI Hospital,,
Aantpur,,
Abadanga,,
Abhirampur,,
Abhirmapur,,
Acharipara,,
Achipur,,
Acropolis,,
Acropolis Mall,,
Adampur,,
Addhabazar,,
Adharmanik,,
Adhata,,
Adisaptagram,,
Adra,23.49668,86.68363
Agarhati,,
Agarpara Station,,
Agra,,
Agunshi,,
Aharara,,
Ahiran,,
Ahiritola,,
Ahmadpur,23.83009,87.68661
Airport,,
Airport Domestic Terminus,,
Airport Gate 1,,
Airport Gate 2.5,,
Airport Gate 3,,
Airport Terminal,,
Ajaynagar,,
Ajodhya Hills,,
Ajoynagar,,
Akanksha,,
Akashbani Bhawan,,
Akhratala,,
Akhro,,
Akhuta,,
Akra Bazar,,
Akra Fatak,,
Akra Rabindra Nagar,,
Akra Station,,
Akui,,
Akupurchoti,,
Alambazar,,
Alampur,,
Aliah University,,
Alijhara,,
Alipore Court,,
Alipore Zoo,,
Alipurduar,,
Alisha Bus Stand,,
Alutia,,
Alutiya,,
Amarkanan,,
Ambika Nagar,,
Ambikanagar,,
Amdanga,,
Amdiha,,
Amdobe,,
Amgoria,,
Amherst Street,,
Aminpur,,
Amity University,,
Amity University (Ecospace),,
Amjhara,,
Amkola,,
Amladahi Bazar,,
Amlagora,22.84616,87.33559
Amlashuli,,
Amlasuli,,
Amrabati,,
Amta,22.58344,88.01039
Amtala,,
Amtala Phari,,
Amtalya,,
Anandapur,26.36892,89.85923
Anandpur Bypass,,
Anantapur,,
Anara,,
Anchna,,
Andal,23.58013,87.1832
Andharia,,
Andharishole,,
Andul Bazar,,
Andul Station,,
Angarsone,,
Angrail,,
Aniya,,
Ankhro,,
Ankurhati,,
Antara Mental Hospital,,
Antila Bridge,,
Anwar Shah Road,,
Apollo Hospital,,
Aquatica,,
Arambag,,
Arambagh,22.88333,87.78333
Aranghata,,
Arapanch,,
Araria Bihar,,
Argoal,21.96939,87.63398
Argori,,
Ariadaha,,
Arkama,,
Arrah,,
Arsha,23.32663,86.17329
Asansol,23.68333,86.98333
Asansol A.C.,,
Asansol Bus Stand,,
Ashari,,
Asharu Bazar,,
Ashok Nagar,,
Ashoknagar,,
Ashoknagar Chowrangi,,
Ashoknagar Station,,
Ashubabu Bazar,,
Ashwini Nagar,,
Asuria More,,
Atghora,,
Atharobanki,,
Aturia,,
Aturia Bazar,,
Aulia,,
Aurangabad Bihar,,
Aushbali,,
Aushgram,,
Ausnara,,
Authpur,,
Auxilium Parish Church,,
Avani Mall,,
Awalsiddhi,,
Axis Mall,,
Azabnagar,,
B Garden,,
B.T College,,
BBD Bag,,
BK Paul,,
BNR Hospital,,
BT College,,
Babanpur,,
Bablatala,,
Babubazar,,
Babughat,,
Babuijore,23.79055,87.26908
Baburhat,,
Badamtala,,
Badanganj,22.9023,87.54214
Badarhat,,
Badartala,,
Badir,,
Badu Bazar,,
Baduria,,
Baduria Bazar,,
Bagaria,,
Bagbazar,,
Bagda,23.19706,86.68703
Bagdah,,
Bagdogra,,
Baghajatin,,
Baghmundi,23.18982,86.05547
Baghnapara,,
Bagirhat,,
Bagjola Bazar,,
Bagkhal,,
Bagmari Bazar,,
Bagmore,,
Bagna,,
Bagnan,22.93338,88.13856
Bagrakot,,
Baguiati,,
Baguihati,,
Bagula,23.33664,88.64109
Bagulakhali,,
Bahadurpur,,
Baharagora,,
Baharampur,24.10473,88.25155
Bahari,,
Baharu,,
Bahiri,,
Bahirsona,,
Baidyabati,22.78498,88.32586
Baidyanathpur,22.42526,87.97528
Baidyapur Garage,,
Baidyapur Talar,,
Baikunthapur,,
Bailani Bazar,,
Bainchi,22.8622,88.2686
Baisakhi,,
Baisnabghata,,
Baita,,
Baital,,
Bajitpur,22.88896,88.13488
Bajkul,,
Bajubandh,,
Bakeshwar,,
Bakhrahat,,
Bakkhali,,
Bakrahat,,
Baksara,,
Bakshi,,
Baksi,,
Bakulia,,
Bakultala,,
Balaipanda,,
Balaka Housing (EcoPark),,
Balakhali,,
Balarampur,23.09714,86.22292
Baleshwar,,
Balgona,,
Balichak,,
Baligeria,,
Balighai,,
Balikhali,,
Balisai,,
Balivasa,,
Bally,22.64859,88.34115
Bally Bazar,,
Ballyghat,,
Ballygunge Phari,,
Ballygunge Station,,
Ballyhalt,,
Ballykhal,,
Balsi,,
Balti Bazar,,
Baltikuri,,
Baluhati,,
Balurghat,,
Bamangachi,,
Bamanpukur,,
Bamundiha,23.11765,86.36607
Bamunia,,
Banagram,,
Banamalipur,,
Bananabagram,,
Banbania,,
Banbania Chowmatha,,
Bandar,,
Bandel,,
Bandha Ghat,,
Bandowan,,
Banduan,,
Bandwan,22.78333,86.5
Baneshwarpur,,
Bangachatra,,
Bangachattra,,
Bangalore,,
Bangaon,23.04553,88.83084
Bangla,,
Bangur Avenue,,
Bangur Hospital,,
Banipur,,
Bank Of India,,
Bankadaha,22.97927,87.35787
Bankati,,
Bankra,,
Bankra Bazar,,
Bankura,23.23241,87.0716
Bankura Bus Stand,,
Bankura Bypass,,
Bankura Pump,,
Bankura Station,,
Bansbhberia,,
Bansdroni,,
Banshapara,,
Banspahari,,
Banstala,,
Bantala Bazar,,
Bantul,,
Banungachi Station Road,,
Bara Andulia,,
Barabazar,23.0279,86.36069
Barajaguli,,
Barakar,,
Baranagar Bazar,,
Barasat,22.72154,88.48198
Barasat A.C,,
Barasat Champadali,,
Barasat Chapadali,,
Barasat Colony,,
Barasat Dak Bunglow,,
Barasat Dakbunglow,,
Barasat Kazipara Depot,,
Barbaria,,
Barddhaman,,
Barddhaman Alisha Bus Stand,,
Barddhaman Birhata,,
Barddhaman Bypass,,
Barddhaman Nababhat,,
Barddhaman Natunhat,,
Barddhaman Nawabhat,,
Barddhaman Nawabhat Bus Stand,,
Barddhaman Station,,
Barddhaman Tinkonia,,
Bardhaman,23.25572,87.85691
Bardhaman Station,,
Bardhhaman,,
Bardhhaman Bypass,,
Bardhhaman Station,,
Bargachia,,
Bargram,,
Barhi,,
Baria,,
Barikul,,
Baripada,,
Barisha,,
Barjora,23.42754,87.29037
Barnaberia,,
Baroda Chowkan,,
Barrackpore,,
Barrackpore Chiria,,
Barrackpore Court,,
Barrackpore Station,,
Barshal,,
Baruipur,22.36544,88.4325
Baruipur A.C,,
Baruipur Fultala Central Terminus,,
Baruipur Hospital,,
Baruipur Station,,
Basantapur,,
Basanti,,
Basanti Bridge,,
Basanti Chowmatha,,
Basapara,,
Bashiram Bazar,,
Basirhat,,
Basirhat Chowmatha,,
Basirhat Station,,
Basubati,,
Basubati Darbar Sharif,,
Basudebpur,21.82014,87.62916
Basudha,,
Bata,,
Bataitala Bridge,,
Bataitala Phari,,
Batanagar,,
Batar,,
Bawali,,
Bazetaraf,,
Beadon Street,,
Beck Bagan,,
Beckbagan,,
Begunkodor,,
Behala,,
Behala 14 No,,
Behala 14 No.,,
Behala Airport,,
Behala Chowrasta,,
Behala Manton,,
Behala PS,,
Behala Tram Depot,,
Bejra,,
Belatikri,,
Belda,22.08427,87.35204
Beldanga,23.93428,88.26018
Beleghata,,
Beleghata Building,,
Beleghata ID Hospital,,
Beleghata Sales Tax,,
Belepol,,
Belepole,,
Belgachi,,
Belgachia,,
Belgaon,,
Belgharia,,
Belgharia Badamtala,,
Belgharia Expressway,,
Belgharia Rathtala,,
Belgharia Station,,
Belghoria,,
Beliatore,23.32052,87.22081
Belilious Road,,
Belmuri,,
Belmuri Station,,
Belpahari,22.63207,86.76426
Belpukur,,
Belsingha,,
Belu,,
Belurmath,,
Belut,,
Benachity,,
Benar,,
Bengai,,
Bengal Chemical,,
Bentinck Street,,
Beraberi,,
Beraberia,,
Berachampa,,
Berada,,
Berhampore,,
Beri Gopalpur,,
Berui,,
Beta,22.92074,88.23425
Betai,,
Betai Bandar,,
Betaitala,,
Betberia Belegachi,,
Bethpukur,,
Bethuadahari,,
Betore,,
Bhabani Bhawan,,
Bhabla Station,,
Bhadrak,,
Bhadrakali,,
Bhadreswar,22.82449,88.33841
Bhadura,,
Bhadutala,,
Bhagabanpur,24.78772,88.01242
Bhagabatipur,,
Bhagar,,
Bhagra,,
Bhairabdanga,24.74574,87.87515
Bhairabpur,,
Bhalkundi,,
Bhaluka Battala,,
Bhalukbasa,,
Bhamal,,
Bhandardihi,,
Bhandarkhali,,
Bhandergacha,,
Bhanderhati,,
Bhangankhali,,
Bhangore,,
Bharat Sevashram Hospital,,
Bharatpur,,
Bhasa Mandir,,
Bhasa Panchrasta Bazar,,
Bhasa Swami Narayan Temple,,
Bhasha 14no,,
Bhasraghat,,
Bhastara,,
Bhatakul,,
Bhatar,23.41251,87.91529
Bhatpara,,
Bhattanagar,,
Bhawanichak,,
Bhebia Chowrasta,,
Bhedia,,
Bhikdas,,
Bhimeswari,,
Bhimpur,24.50988,87.92536
Bhiringi,,
Bhojerhat,,
Bhojpur,,
Bholamari,,
Bhomboler,,
Bhopur,,
Bhotgram,,
Bhowani Bhawan,,
Bhowanipore,,
Bhubaneshwari,,
Bhubaneswar,,
Bhupatinagar,,
Bhutsahar,,
Bibarda,,
Bibhishanpur,,
Bibibazar,,
Bibirhat,,
Bichali Ghat,,
Bidichandrapur,,
Bidyanagar,,
Bidyut Bhawan,,
Biharinath,,
Bijaygunge Bazar,,
Bijoygarh,,
Bikash Bhawan,,
Bikrampur,,
Bindopur,,
Binodbati,,
Binodia,,
Binodpur,,
Binpur,22.58132,86.92072
Biprasekhar,,
Bira,,
Bira Chowmatha,,
Biradingi,,
Biramnagar,,
Birati,,
Birati More,,
Birati Station,,
Birati Tantkal,,
Birchandrapur,,
Birhata,,
Birla,,
Birlapur,,
Birshibpur,,
Birsingha,,
Bisalakshmitala,,
Bisharpara,,
Bishnupur,23.0738,87.31991
Bishnupur PS,,
Bishpuria,,
Bishpuriya,,
Bisunupur,,
Biswashati,,
Bithari,,
Bkrampur,,
Boalghata,,
Boalia,,
Boardghar,,
Bodra,,
Boga,,
Bohar,,
Bohara,,
Bokaro,,
Bokchora,,
Boldeghata,,
Bolgona,,
Bolpur,23.66278,87.69695
Bolpur Bus Stand,,
Bondel Gate,,
Bongaon,,
Bongaon 1 No Railgate Petrol Pump,,
Bongaon Bus Stand,,
Bonhooghly,,
Bononabagram,,
Boralighat,,
Borda Choukan,,
Borhal,,
Borjora,,
Boro,,
Boro Andulia,,
Boro Finga,,
Borobelun,,
Boropara,,
Bosepukur,,
Bostom,,
Bow Bazar,,
Bowbazar,,
Boyermari,,
Boyra,,
Brace Bridge,,
Brahmandiha,,
Brahmaner,,
Brajalalchak,,
Brindabanpur,,
Budbud,23.40131,87.53895
Budbudm,,
Budge Budge,,
Budhigram,,
Budhpur,,
Buglidih,,
Building More,,
Bulbulitala,,
Bulchandpur,,
Bulchandrapur,,
Bundu,,
Buniadpur,,
Burdwan,,
Burdwan Bypass,,
Burdwan Road,,
Burrabazar,,
Burul,,
Burul Bazar,,
Burwan,,
C.A Island,,
CIT More,,
CIT Road,,
Calcium,,
Calcutta Leather Complex,,
Camac Street,,
Cancer Hospital,,
Canning,,
Canning Station,,
Carry Road,,
Central,,
Central Avenue,,
Central Jail,,
Central Park,,
Chagram,,
Chagulia,,
Chaipat,,
Chaital,,
Chaital Ghat,,
Chaitanyapur,,
Chakaltore,,
Chakberia,,
Chakdah,,
Chakdulalpur,,
Chakla,,
Chaksimla,,
Chakta,,
Chakulia,,
Chalauni,,
Chalki Bazar,,
Chalsa,26.88413,88.79068
Chalti,,
Chamkaitala,,
Champadali,,
Champadanga,22.83771,87.97575
Chamrail,,
Chanchal,,
Chanda,,
Chandaneshwar,,
Chandankyari,,
Chandannagar,22.86225,88.36796
Chander,,
Chandil,,
Chandipur,22.35108,88.40054
Chanditala,22.69316,88.25786
Chandkhali,,
Chandmari,,
Chandni Chowk,,
Chandpara,,
Chandpur,,
Chandra,22.46175,87.14845
Chandrachur Bypass,,
Chandrakona Road,22.73523,87.33643
Chandrakona Town,,
Chandranagar,,
Chandrapur,,
Chandua Bazar,,
Changrabandha,26.41564,88.91871
Chapa Tola,,
Chapaberia,,
Chapadanga,,
Chapatala,,
Chapra,23.52791,88.55429
Chapuria,,
Charabidya,,
Charapole,,
Charghat,,
Charial,,
Chariswar,,
Charkalgram,,
Chas,24.27624,87.78677
Chatna,,
Chatra,,
Chatra Bazar,,
Chatumadar,,
Chauhata,,
Chaulkhola,,
Chaurangi,,
Chelyama,23.61576,86.55245
Chemaguri,,
Chendapathar,,
Chepua,,
Chetla Park,,
Chhandar,,
Chhata Pathar,,
Chhatna,23.30566,86.97174
Chhatni,,
Chhirudi,,
Chichra,,
China Mandir,,
Chinar Park,,
Chinarpark,,
Chingra,,
Chingrighata,,
Chinsurah Court,,
Chinsurah Station,,
Chiria,,
Chirkunda,,
Chitpur,,
Chitpur Bridge,,
Chitra,,
Chitradhali,,
Chittaranjan,23.85681,86.90324
Chittaranjan Hospital,,
Choatia,,
Chongda,,
Chongda More,,
Chora,,
Chora Hattala,,
Choto Finga,,
Choubeta,,
Chouhatta,,
Choulpatty,,
Choumukhi,,
Choutara,,
Chowalkhola,,
Chowbaga,,
Chowdhury Chak,,
Chowhati,,
Chowmuha,,
Chowringhee,,
Christopher Road,,
Chuchura,,
Chunait,,
Chunakhali,,
Chunavati,,
Chundi,,
City Center 1,,
City Center 2,,
City Centre,,
City Centre 2,,
College More,,
College Street,,
Colony Bazar,,
Command Hospital,,
Companir Thek,,
Contai,21.77985,87.74892
Contai Bus Stand,,
Cooch Behar,,
Cooch Behar AC,,
Coochbehar N/O,,
Coronation Bridge,,
Cossipore,,
Culture,,
Curzon Gate,,
Cuttack,,
DLF 1,,
DLF 2,,
DLF1,,
Dadpur,,
Dahijuri,22.50219,86.99109
Dainhat,23.60518,88.17172
Dakbangla,,
Dakbangla Hat,,
Dakbanglow,,
Dakbungalow Bazar,,
Dakbunglow More,,
Dakghar,,
Dakshin Baharu,,
Dakshin Bari,,
Dakshin Battala,,
Dakshin Birampur,,
Dakshin Durgapur,,
Dakshin Khanda,,
Dakshin Padmerhat,,
Dakshin Ramkrishnapur,,
Dakshineswar,22.65567,88.3672
Dalalpukur,,
Dalanghata,,
Daldali,26.53956,89.80907
Dalkhola,,
Dallpur,,
Damankiari,,
Damda,22.34389,88.36528
Damdim,,
Damodarpur Bazaar,,
Dandirhat,,
Danesh Shaikh Lane,,
Dankuni,,
Dankuni Housing,,
Dankuni Station,,
Dantan,21.94658,87.27678
Darbeshpur,,
Darbhanga Bihar,,
Darda,,
Dariapur,,
Darjeeling,,
Daroka,,
Dasagram,22.1762,87.6063
Dasghara,,
Dashadrone,,
Dasnagar,,
Daspara,,
Daspur,22.60691,87.72331
Dayarampur Bazar,,
Debagram,23.68832,88.30083
Debgram,,
Debipur,,
Debpukur,,
Debpur,,
Debra,22.3952,87.56015
Deganga,,
Dehibatpur,,
Delhi,,
Delhi Road,,
Delo,,
Dendua,,
Deorah,,
Depal,,
Derozio College,,
Deshapriya Park,,
Deshbandhu Road,,
Deshoprio Park,,
Desuria,,
Deular,,
Deuli,,
Deulia Bazar,,
Deulihat,,
Deulpara,,
Dewandighi,,
Deypara,,
Dhaban,,
Dhabani,,
Dhadika,,
Dhadka,22.78333,86.5
Dhadki,,
Dhakuria,,
Dhalai Bridge,,
Dhalbhumgarh,,
Dhaldanga,,
Dhamakhali,,
Dhamisa,,
Dhanara,,
Dhanbad,,
Dhaniakhali,,
Dhankalmath,,
Dhanmath,,
Dhanpota,,
Dhansimla,,
Dhantala,,
Dhapa Mathpukur,,
Dhapa Road,,
Dharampur,,
Dharma,,
Dhatrigram,,
Dheko,24.47638,87.81591
Dhelachandimore,,
Dherua,,
Dhibdhiba,,
Dhola,,
Dholahat,,
Dholmari Bazar,,
Dhopagachi,,
Dhruba Bazar,,
Dhrubabazar,,
Dhubilia,,
Dhubulia,,
Dhukrijhara,,
Dhulagarh,,
Dhulasimla,,
Dhulian,,
Dhuliyan,,
Dhulorbandh,,
Dhumsai,,
Dhupguri,,
Dhuri Bazar,,
Diamond,,
Diamond Harbour,,
Diamond Plaza,,
Digha,21.62776,87.51965
Dighirpar,,
Dignagar,23.43242,87.68324
Dihibhursut,,
Dilakhash,,
Dimna,,
Dinanathpur,,
Dinhata,26.13526,89.46129
Dishergarh,23.69064,86.82735
Dobhi,,
Dockghat,,
Dogachia,,
Doltala,,
Doltola,,
Domjur,,
Domjur Bdo Office,,
Domkal,24.12065,88.54393
Domra,,
Don Bosco Crossing,,
Dongaria,,
Doordarshan Bhawan,,
Doperia,,
Dostipur,,
Dubra,23.54332,86.52102
Dubrajpur,23.7902,87.37648
Dubrajpur Power House,,
Dulduli,,
Dum Dum Airport,,
Dumdum,,
Dumdum Canton,,
Dumdum Cantonment,,
Dumdum Chiriya,,
Dumdum Park,,
Dumdum Station,,
Dumka,,
Dumurdaha,,
Dumurjola,,
Dumurtore,,
Dunlop,,
Dunlop Bridge,,
Durgachak,22.07576,88.13747
Durganagar,,
Durgapur,,
Durgapur (City Center),,
Durgapur (Muchipara),,
Durgapur (Station),,
Durgapur Bridge,,
Durgapur City Center,,
Durgapur Expressway,,
Durgapur Station,,
Durlavpur,22.14227,88.35914
Dutta Pukur,,
Duttabagan,,
Duttabazar,,
Duttapara,,
Duttaphulia,,
Duttapukur,,
Duttapulia,,
Duttar Math,,
Dvc,,
Dwariknagar,,
EM Bypass,,
East Enclave,,
Ecopark,,
Ecospace,,
Eden City,,
Eden Gardens,,
Egra,21.89947,87.53794
Ekbalpur,,
Eksara,,
Elgin,,
Elgin Road,,
Ellenbari,,
Eluru,,
Entally Market,,
Eroali,,
Esplanade,,
Etawah,,
Exide,,
Exide Crossing,,
Exide More,,
FD,,
FD Park,,
Fakirtala,,
Falakata,,
Falta,,
Falta Sector 1,,
Farakka,24.81667,87.9
Fatapukur,,
Fatehpur,24.08095,87.73092
Fatepur,,
Fatesinghpur,,
Fatikgachi,,
Fazilnagar,,
Fishery Gate,,
Forbesganj Bihar,,
Foreshore Road,,
Fort William,,
Fortis,,
Fortis Hospital,,
Frasergunj,,
Frazerganj,,
Fulbari,,
Fulberia,,
Fulia,,
Fulkushma,,
Fulkusma,,
Furfura Sharif,,
Futisanko,,
Futishanko,,
G Ghati,,
GD,,
GD Island,,
GPO,,
GST Bhawan,,
Gabberia,,
Gabbuni,,
Gabrudanga,,
Gabtala Bazar,,
Gadamara,,
Gadapathar,,
Gadarati,,
Gadiara,,
Gadkhali,,
Gaighata,,
Gajar,,
Galsi,23.33928,87.68926
Galudi,,
Gamidya,,
Gandharbapur,,
Gandhi Colony,,
Ganesh Talkies,,
Ganga Nagar,,
Gangadharpur,,
Gangajalghati,23.4224,87.11411
Gangarampur,,
Gangasagar,,
Gangraguri,,
Gangtok,,
Ganjer Bazar,,
Ganrapota,,
Garapota,,
Garcha Road,,
Garchakraberia,,
Garchumuk,,
Garden Reach,,
Garduara,,
Garerghat,,
Garfa Road,,
Garh Bhowanipore,,
Garhbeta,22.844562,87.320972
Garhbhowanipur,,
Garia,22.46323,88.39788
Garia A.C,,
Garia Bus Stand,,
Garia Metro,,
Garia Station,,
Gariahat,,
Garifa Road,,
Garpa,,
Garubathan,,
Gatebazar,,
Gawjar,,
Gayeshpur,,
Gazna Bazar,,
Gazole,,
Ghasbagan,,
Ghasiara,,
Ghatakpukur,,
Ghatal,22.66244,87.73399
Ghatboar,,
Ghatsila,,
Ghatur,,
Ghola Bazar,,
Ghoradaha,,
Ghoraras Beltala,,
Ghorir,,
Ghoshpur,,
Ghughumari,,
Ghurni,,
Ghushighata,,
Gidhni,22.48449,86.85498
Girish Park,,
Goakhali,,
Goalbagi,,
Goalbathan,,
Goaldaha,,
Goaltore,,
Gobardanga,,
Gobindadham,,
Gobindapur,22.59306,88.09139
Gobindopur,,
Gobra,,
Gobra Kabarsthan,,
Gocharan,,
Godapiasal,22.53641,87.32783
Godapiashal,,
Goghat,,
Gogra,,
Gohal Beria,,
Gohal Mara,,
Gohaldaha,,
Gojar,,
Gokarna,24.04234,88.11468
Gokulpur,,
Golabarai PS,,
Golabari,,
Golapbag,,
Golatore,,
Golf Green,,
Golkunda,,
Golpark,,
Gomunda,,
Gontar,,
Gopalbati,,
Gopalganj Bihar,,
Gopalnagar,22.83089,88.22493
Gopalpur,22.61845,88.75119
Gopalpur Bazar,,
Gopalpur House,,
Gopiballabpur,,
Gopiganj,,
Gopinathpur,22.81172,88.06486
Gorakhpur,,
Goundia Raghunathpur,,
Goura,26.30457,88.73581
Gourangachak,,
Gourangadih,,
Gourangapur,,
Gourhati,,
Gouripur,,
Goyespur,,
Greenfield City,,
Guaidaha,,
Guiadaha,,
Gujarpur,,
Gukara,,
Guma,,
Guma Chowmatha,,
Guniada,,
Guntur,,
Gupinpur,,
Guptamoni,,
Gurap,,
Gurdah,,
Gurguripal,,
Gurudaspur Hospital,,
Gurusaday Road,,
Guskara,,
Guskara Bus Stand,,
Guskara College,,
Guskara Rail Gate,,
Gustia,,
HMG College,,
HUDCO,,
Habibpur,,
Habra,,
Habra Depot,,
Habra Joygachi,,
Habra Manasabari,,
Habra Rail Station,,
Habra Station,,
Habra WBTC Depot,,
Hadipur,,
Hagnagari,,
Haidarpur,,
Hajipur,,
Hajratala,,
Hakimpur,,
Haldia,22.06046,88.10975
Haldia Township,,
Haldia Via-Kolkata,,
Haldiram,,
Haldirams,,
Halid,,
Halisahar,,
Haltu Bazar,,
Haludkanali,,
Hamadama,,
Hamidpur,,
Hamirpur,,
Hanshkhali,,
Hansia,,
Hanskhali,,
Hanskhali Pole,,
Hanspukur,,
Hantal,,
Hapania,,
Hapur,,
Haral,,
Harda,25.34856,87.86762
Haribashor Park,,
Haridashpur,,
Haridevpur,,
Harigram,,
Harinarayanpur,22.60028,88.1125
Harinavi,,
Harinbari,,
Harindanga,,
Harinkhola,,
Haripal Station,,
Haripur,,
Harishankarpur,,
Harishchandrapur,,
Harishpur,,
Harit,,
Haritala,,
Haritampur,,
Harmasra,,
Haroa Bazar,,
Haroa Bridge,,
Harop Bazar,,
Hashimnagar,,
Hasnabad,,
Hasnabad Station,,
Hasnan Bridge,,
Hastings,,
Hatgacha,,
Hatgobindapur,,
Hatgobindopur,,
Hathatgange,,
Hatiara,,
Hatibagan,,
Hatibari,,
Hatigeria,,
Hatikanda,,
Hatirampur,,
Hatishala,,
Hatjor,,
Hattala Bazar,,
Hatthuba,,
Hatuganj,,
Hatugunge,,
Hatugunj,,
Hazaribagh,,
Hazipur,24.03998,87.82764
Hazra,,
Hedua,,
Helabattala,,
Helencha,23.18921,88.8635
Hematpur,,
Hemnagar,,
Henria,,
Heria,,
Hetampur,,
Hetia,,
Hide Road,,
High Court,,
Highland Park,,
Hijli Sorif,,
Hiland Park,,
Hind Cinema,,
Hingalgunge,,
Hingjuri,,
Hinjuri,,
Hiranmoypur,,
Hoglashi,,
Hooghly,,
Hoomgarh,,
Hospital,,
Hospital More,,
Howrah,22.57688,88.31857
Howrah Court,,
Howrah Fire Station,,
Howrah Maidan,,
Howrah Station,,
Hridaypur,,
Hura,23.30337,86.65717
IBM,,
IIM Joka,,
ILS Hospital,,
ITC Infotech,,
Icchapur,,
Ichapur,,
Ichhagan,,
Iim Joka,,
Iimc Hospital,,
Ilambazar,,
Illambazar,,
Ilsoba,,
Inchura,,
Indian Statistical Institute,,
Indpur,23.16667,86.93333
Indranarayanpur,,
Indus,,
Indus Via-Kolkata,,
Islampur,26.26541,88.18982
Iswarigacha,,
Itaberia,,
Itahar,,
Jadavpur,22.48794,88.37873
Jadavpur 8B,,
Jadavpur PS,,
Jadavpur University,,
Jadurhati,,
Jagadishpur,,
Jagadishpur Hospital,,
Jagaldaha,,
Jagannathpur,,
Jagardanga,,
Jagatballavpur,,
Jagatdal,,
Jagulgachi,,
Jaguli,,
Jainpur,,
Jajigram,,
Jalaberia,,
Jalan Gate,,
Jalangi,24.12799,88.68989
Jalchak,,
Jaleswar,,
Jalibagan,,
Jalilpur,,
Jalpaiguri,,
Jalpaiguri Bypass,,
Jalpara,,
Jamalpur,23.06664,87.99181
Jambani,,
Jamdani,,
James Long Sarani,,
Jamirgachi,,
Jamna,,
Jamsola,,
Jamtala,,
Jamtara,,
Jamtora,,
Jamtoria,,
Jamuria,,
Janakalyan,,
Jangalpara,,
Jangipara,,
Jangipur,24.47001,88.07659
Janha,,
Jankapur,,
Japani Gate,,
Jara,,
Jashoda,,
Jatragachi,,
Jayrambati,,
Jhakra,,
Jhalda,,
Jhanka,,
Jhanti Bani,,
Jhantipahari,,
Jhargram,22.45384,86.99497
Jharkhali,,
Jhautala,,
Jhawdanga,,
Jhikira,,
Jhikra,,
Jhikra Battala,,
Jhikra Bazar,,
Jhilimili,22.81392,86.64575
Jhinjhira Bazar,,
Jhitka,22.6325,88.84389
Jhorobati,,
Jibantala,,
Jibanti,,
Jirangachha,,
Jirat,,
Jitpur,,
Jiudhara,,
Jiyaganj,,
Jodhpur Park,,
Jogeshganj Bazar,,
Jogi Battala,,
Joka,,
Joka Bharat Sevashram Hospital,,
Joka Bridge,,
Joka Depot,,
Joka ESI,,
Joka ESI Hospital,,
Joka Esi,,
Joka Khalpole,,
Joka Tram Depot,,
Jora Amtala,,
Jora Girja,,
Jorabagan,,
Jorda,,
Jorehira,,
Jorhira,,
Joydeb,,
Joydev,,
Joygachi,,
Joygram,,
Joykrishna Bazar,,
Joykrishnapur,23.12438,87.31404
Joynagar,,
Joypul,,
Joypul Bazar,,
Joypur,,
Joyrambati,,
Joyrampur,22.85984,87.82673
Jubilee,,
Julpia,,
Jumainaskar Hat,,
Junbedia,,
Jyangra,,
Jyotishpur,,
Kabardanga,,
Kable,,
Kachari Bazar,,
Kachua,,
Kachuberia,,
Kachuberia Sagar Island,,
Kachujor,,
Kadam Beria,,
Kadambagachi,,
Kadamtala,,
Kadapara,,
Kadasol,,
Kadmagarh,,
Kahankia,,
Kaichar,,
Kaijuri Bazar,,
Kaikhali,,
Kajiberia,,
Kajla,,
Kajoler,,
Kakdwip,,
Kakdwip Bus Stand,,
Kakdwip Station,,
Kaktiya,,
Kalabani,,
Kalaberia,,
Kalachara,,
Kalagachia,,
Kalaikunda,22.3393,87.22637
Kalatalahat,,
Kaleshwar,,
Kaliachak,24.86371,88.02207
Kaliaganj N/O,,
Kalibabu Bazar,,
Kalibele,,
Kalidaha,,
Kalidanga,,
Kalighat,,
Kalikapur,22.05538,88.33856
Kalimati,23.23423,85.92242
Kalindi,,
Kalipahari,,
Kalipark,,
Kalipur,,
Kalipur Bazar,,
Kalitala,,
Kalitala Housing,,
Kalna,23.21944,88.36295
Kalpathor,,
Kaltala,,
Kaluhar,,
Kalui,,
Kalupur,,
Kalur,,
Kalyan Nagar,,
Kalyangarh,,
Kalyani,22.9757,88.4337
Kalyani Aiims,,
Kalyani Ishwsar Gupta Setu,,
Kalyanpur,,
Kalyanpur Panchayat,,
Kalyanshree,,
Kamal Talkies,,
Kamalgazi,,
Kamalpur,25.92484,87.85641
Kamardanga,,
Kamarhati,,
Kamarpara,,
Kamarpukur,22.23121,88.40108
Kamdebpur,,
Kamina,,
Kampa,,
Kanchanpur,23.31164,87.09426
Kanchantala,,
Kanchiara,,
Kanchkol,,
Kanchrapara,,
Kandi,23.95946,88.04018
Kandra,,
Kankardanga,,
Kankinara,,
Kanko,,
Kankordanga,,
Kankradara,,
Kankurgachi,,
Kanmari,,
Kanmari Bazar,,
Kanraria,,
Kantakhali,,
Kantamari,,
Kantapahari,24.343,87.78763
Kantatala,,
Kanthal Beria,,
Kanthalberia,,
Kanthalia,,
Kanthalibar,,
Kanthi,,
Kantore,,
Kapasaria,,
Kapastikri,,
Kapathat,,
Kapileshwar,,
Kapileswarpur,,
Karanjali,,
Karatberia,,
Karbala,,
Karigari Bhawan,,
Karimpur,23.97594,88.61917
Karkaria,,
Karolberia,,
Kartickpur,,
Karunamoyee,,
Kasba,,
Kasba Narayangarh,,
Kasba PS,,
Kasba Post Office,,
Kasba Rathtala,,
Kashemnagar,,
Kashibediya,,
Kashinagar,,
Kashipur,23.43444,86.66723
Katabandh,,
Kathalia,,
Kathgola,,
Katiahat Bazar,,
Katin,,
Katlamari,,
Katlia,,
Katwa,23.64558,88.13258
Katwa Bus Stand,,
Katwa Station,,
Kaukepara,,
Kayma,,
Kayosa Bazar,,
Kayrapur,,
Kazi Nazrul Islam Airport,,
Kazipara,,
Kazipara Depot,,
Kemia,,
Kenda,23.1959,86.51499
Kendua Bazar,,
Kenjakura,,
Keorapukur,,
Keota,,
Keranibandh Bypass,,
Keshabchak Gram Panchayat,,
Keshabpur,22.61232,88.20047
Keshapat,,
Keshargarh,,
Keshiary,22.11674,87.23446
Keshpur,22.55468,87.46109
Keshra,,
Keshtopur,,
Kestopur,,
Kestopur Bazar,,
Kestor,,
Ketopool,,
Ketugram,23.70115,88.04532
Keutia,,
Khadina,,
Khadinan,,
Khagraghat,,
Khajuraberi,,
Khakurda,22.26402,88.46104
Khalisani,,
Khalna Bazar,,
Khalore,,
Khanakul,22.70891,87.85016
Khandaghosh,23.20807,87.69406
Khandalia,,
Khandra,,
Khandrui,,
Khanna Cinema,,
Khanpur,,
Kharagpur,22.33971,87.32501
Kharagpur Bypass,,
Kharagpur Chowrangee,,
Kharagpur Chowringhee,,
Kharagpur Station,,
Kharagpurchowrangee,,
Kharampur,,
Kharar,22.72211,87.67824
Kharbona,24.15596,87.74261
Khardaha,,
Khargram,,
Kharibari,,
Khariberia,,
Khariduar,,
Kharika,,
Kharika Mathani,,
Kharikamathani,,
Kharkushma,,
Kharuberia,,
Khasmallick,,
Khasnan,,
Khaspur,,
Khatra,22.97617,86.85462
Khatul,,
Khatura Bazar,,
Khayrasole,,
Khejurdaha,,
Khejuri,,
Khejuria,,
Khejurtala,,
Khemashuli,,
Khetua,,
Khila,,
Khilkapur,,
Khirishtala,,
Khirpai,22.70996,87.61768
Khodambari,,
Kholakhali Hat,,
Kholapota,,
Khorop,,
Khosbag,,
Khosdelpur,,
Khotirbazar,,
Khudiram Park,,
Khudrun,,
Khujutipara,,
Khukur Daha,,
Khukurdaha,,
Khulna,,
Kiaboni,,
Kiamacha,,
Kidderpore,,
Kirnahar,23.75802,87.87404
Kishanganj,,
Kishorepur,,
Kishorimohonpur,,
Koalpara,,
Kochujor,,
Koichor,,
Kokapur,,
Kolaboni,,
Kolaghat,22.43252,87.85938
Kolaipara,,
Kolashim Bazar,,
Koldanga,,
Kolkata,22.56263,88.36304
Kolkata (Esplanade),,
Kolkata A.C,,
Kolkata AC,,
Kolkata Station,,
Komarpur,,
Kona,,
Kona Express More,,
Kona Expressway,,
Konchowki,,
Konnagar,,
Koralitala,,
Korapara,,
Korui,,
Kotshila,23.40207,86.07017
Kotulpur,23.0119,87.59382
Kowgachi,,
Koyaldanga,,
Koyrapur,,
Kriparampur,,
Krishnabati,,
Krishnachandrapur,,
Krishnaganj,,
Krishnamati,,
Krishnanagar,23.40576,88.49073
Krishnanagar High Road,,
Krishnarampur,,
Kshirishtala,,
Kudghat,,
Kuilapal,,
Kukrahati,,
Kulari,,
Kuldiha,,
Kulepairi,,
Kulgachhi,,
Kulgachia,,
Kuli,24.72489,87.93038
Kuliagarh,,
Kuliana,,
Kuliapara,,
Kulpi,,
Kulpukur,,
Kultali,,
Kultali Bazar,,
Kulti,23.73166,86.84372
Kultikri,,
Kumardoba,,
Kumartuli,,
Kumidya,,
Kumirmari Bazar,,
Kumirmora,,
Kumna,,
Kumrul,,
Kundubari,,
Kuntighat,,
Kurmun,,
Kushangra,,
Kushdwip,,
Kushinagar,,
Kushodanaga,,
Kusthal,,
Kustholia,,
Kustia,,
Kustikuri,,
Kustore,,
Kusumgram,,
Kuthighat,,
Kutni,,
Kuturia,,
Labhpur,,
Laboni,,
Labony Estate,,
Labpur,23.81699,87.80427
Lachhipur,,
Ladhurka,23.35456,86.53415
Laghata,,
Lake Gardens,,
Lake Mall,,
Lake Town,,
Laketown,,
Laketown Jessore Road,,
Lakshanpur,,
Lakshmi,,
Lakshmikantapur Station,,
Lakshminarayanpur,,
Lakshmisagar,22.92744,87.01375
Lal Bazar,,
Lalbaba College,,
Lalbazar,,
Lalgarh,22.58732,87.04968
Lalgola,24.42244,88.25238
Lalpur,,
Langolpota,,
Lansdowne,,
Lapahari,,
Lara More,,
Lauhati,,
Laxmanpur,,
Laxmisole,,
Layalka,,
Layekbazar,,
Leather Complex,,
Lebukhali,,
Leninnagar,,
Light House,,
Liluah,,
Liluah Station,,
Lodhashuli,,
Lodhasuli,22.33628,87.04924
Lokenath Mandir,,
Lowada,22.44874,87.61588
Lucknow,,
M R Bangur Hospital,,
M.G Road,,
MG Road,,
Machantala,,
Machhalandapur,,
Machhlandapur,,
Madanmohanpur,,
Madanmohantala,,
Madansole,,
Madartala,,
Madha Khali,,
Madhabpur,,
Madhakhali,,
Madhuban,,
Madhukunda,,
Madhupur,,
Madhusankati,,
Madhyamgram,22.68944,88.44594
Madhyamgram Chowmatha,,
Madpur,22.38041,87.43886
Magra,22.98809,88.37308
Magra Bazar,,
Magurkhali,,
Mahabirtala,,
Mahajati Sadan,,
Mahalandi,,
Mahamayatala,,
Mahanad,,
Mahananda Forest,,
Mahapal,,
Mahara,24.81667,87.8
Mahesh Bazar,,
Maheshwarpur,,
Mahish Bathan,,
Mahishadal,22.18616,87.98072
Mahishbathan,,
Mahishgari,,
Mahishrekha,,
Mahjerhat,,
Maidan,,
Mainaguri Bypass,,
Maipith,,
Maipith Bazar,,
Maipith Coastal,,
Maitapukur Bus Stand,,
Maithon,,
Maiti Para,,
Majhdia,,
Majhergram,,
Majherhat,,
Majlishpur,,
Majuria,,
Makalpur Bazar,,
Makardaha,,
Makrampur,,
Makurgram,,
Malamba,,
Malancha,,
Malancha Cinema,,
Malangapara,,
Malapara,,
Malatipur,,
Malbazar,26.85,88.75
Malda,25.00447,88.14573
Maldanga,,
Maliara,23.47555,87.22482
Malipanchghara,,
Malipota,,
Mallarpur,24.07908,87.70919
Mallick Bazar,,
Mallick Fatak,,
Mallickbari,,
Mallickpur,,
Mamudpur,,
Manasabari Bazar,,
Manbazar,23.0591,86.66269
Mandabtala,,
Mandalerhat,,
Mandalkupi,,
Mandarmani,,
Mandirbazar,,
Mandirtala,,
Manglamaro,,
Mangrul,,
Manguria,,
Mani Square,,
Manicktala,,
Manihara,,
Manik Khola,,
Manikpir,,
Manikpur,,
Maniktala,,
Manjushree,,
Mankanali,,
Mankar,,
Mankur,,
Manteshwar,,
Manteswar,,
Manton,,
Marine College,,
Marut,,
Masagram,,
Mashat Market,,
Masjidbati,,
Matapara,,
Matelli,,
Matgaran,,
Matgoda,,
Math Chandipur,,
Mathabhanga,26.34197,89.21555
Mathbari,,
Mathkal,,
Mathpukur,,
Mathrangi,,
Mathrun,,
Mathura,,
Mathurabagan,,
Mathurapur Station,,
Matia Bridge,,
Matiganj,,
Matikumra,,
Matla Bridge,,
Mayapur,22.41667,88.11667
Mayapur Hulor Ghat Bus Stand,,
Mayapur Iskcon Temple,,
Maynaguri,,
Mayo Road,,
Mayo Road Crossing,,
Mayramahal,,
Mayta,,
Mayukh Bhawan,,
Mazompur,,
Md Bazar,,
Mearbere,,
Mecheda,,
Mecheda Station,,
Mechogram,,
Mechua Bazar,,
Medica Hospital,,
Medical College,,
Medinipur,22.42114,87.32257
Mehedibagan,,
Meherani,,
Mejia,23.56728,87.10803
Memari,23.17647,88.09749
Metekhali,,
Metiabruz,,
Metiabruz Ssp Hospital,,
Metropolitan,,
Michaelnagar,,
Midnapore,,
Midnapore Town,,
Midnapur,,
Mihijam,,
Milan,,
Milk Colony,,
Minakhan,,
Minto Park,,
Mirhati,,
Mirik,,
Mirjapur,,
Mirzapur,24.40574,88.06512
Mission Pally,,
Mithpukuria,,
Mittirchak,,
Ml Gupta Road,,
Modina,,
Mogalmari,,
Mogolmari,,
Mogra,,
Mohammad Bazar,,
Mohammadpur Bihar,,
Mohanbati,,
Mohani,,
Mohanpur,21.83888,87.42565
Mohar,,
Mohirampur,,
Mohishpota,,
Molian,,
Mollar Gate,,
Mollarchak,,
Mollarthesh,,
Mominpore,,
Mondolai,,
Mondonkathi,,
Mondonpara,,
Mondourie,,
Monteswar,,
Moonbeam,,
Morebandh,,
Moregram,,
Morgram,,
Mosat,22.2616,88.23141
Mosiara,,
Motgoda,,
Motigunge,,
Mougram,,
Moulali,,
Moupal,,
Mourigram,,
Moyna,,
Moyna Checkpost,,
Moynagarh,,
Moynaguri,,
Moynapur,,
Muchighata,,
Muchipara,,
Mudiali,,
Mugbasan,,
Mugbosan,,
Mugkalyan,,
Mukundapur,22.84166,88.43797
Mukundapur Bazar,,
Mukutmanipur,,
Muluk,,
Mundumari,,
Munshirhat,,
Muragacha,,
Murarai,,
Murarisha Chowmatha,,
Muratipur,,
Muri,,
Muthadanga,,
Muthurapur,,
Muzaffarpur Bihar,,
NRS Hospital,,
NSHM Campus,,
Nabadwip,23.4067,88.36861
Nabadwip Bus Stand,,
Nabadwip Railgate,,
Nabagram,,
Nabanna,,
Nabastha,,
Nabatkati,,
Nabgram,,
Nachanhati,,
Nachinda,,
Nadanghat,,
Nadia,,
Nadiha,,
Nadihi,,
Nafargange,,
Nagalbeki,,
Nagar,,
Nagar Kachua,,
Nagardanga,,
Nagarukhra,,
Nager Bazar,,
Nagerbazar,,
Nahata,,
Naihati,,
Naihati Station,,
Nainan,,
Naisharai,,
Najirpur,,
Nakaijuri,,
Nakpul Bazar,,
Naktala,,
Nalhati,24.29704,87.82899
Nalmuri,,
Namkhana,,
Namkhana Station,,
Nandakumar,22.18982,87.91873
Nandanpur,,
Nandi Bagan,,
Nandibari,,
Nandigram,22.00176,87.95944
Nanoor,,
Nanur,,
Napara,22.67278,88.46944
Narajole,22.56667,87.61667
Narasinghapur,,
Narayana Hospital,,
Narayanpur,,
Narayantala,,
Narendrapur,,
Narendrapur Ramkrishna Mission,,
Narghat,,
Narikelabar,,
Narit,,
Narja,,
Narkel Bagan,,
Narkelbagan,,
Narkelberia,,
Narrah,,
Narsingpur,,
Narsona,,
Naskarpara,,
Nataberia,,
Natagachi,,
Natagarh,,
Natuhat,,
Natun Rasta,,
Natungram,,
Natunhat,,
Natunpukur,,
Nature Park,,
Nawabpur,,
Nayabad,,
Nayabsat,,
Nayagram,,
Nazat,,
Nazipur,,
Nazir Gange,,
Nazirgunge,,
Neamatpur,25.96537,87.87293
Negon,,
Nellore,,
Nelorpar,,
Nepakuli,,
Nepalgunge,,
Neradeul,,
Netaji Nagar,,
New Alipore,,
New Alipore Petrol Pump,,
New Barrackpore,,
New Digha,,
New Garia,,
Newtown,,
Newtown Bus Stand,,
Newtown Bus Terminus,,
Neyamatpur,,
Nibhuji,,
Nibra,,
Nicco Park,,
Nigan,,
Nikunjapur,,
Nilgunge,,
Nima Terasta,,
Nimchi Bazar,,
Nimdighi,,
Nimpith,,
Nimpura,,
Nimta Bazar,,
Nimtala,,
Nimtauri,,
Nimtouri,,
Nirdeshkhali,,
Nirman,,
Nirol,,
Nirsa,,
Nischintapur,24.04973,87.5756
Nischintipur,,
Nituria,,
Nivedita Setu,,
Noapara,,
Nodakhali,,
Nokari,,
Nonapukur,,
Noongola,,
Noorpur,,
Norghat,,
Norja,,
Notun Bazar,,
Notun Rasta,,
Noul Bazar,,
Nrs Hospital,,
Ntutanhat,,
Nungi,,
Nuntia,,
Nurpur,,
Nutangram,,
Nutanhat,,
ONGC,,
Old Dakghar,,
Old Digha,,
Omarpur,,
Onda,23.13874,87.20265
Oodlabari,,
Orgram,,
P,,
P More,,
PNB,,
PTS,,
Pabnapara,,
Pabra,,
Pachudi,,
Pachundi,,
Padmalavpur,,
Padmapukur,,
Padmapukur More,,
Padmerhat,,
Paglarhat,,
Pahalanpur,,
Paharhati,,
Paharigora,,
Paikan,,
Paikpara,,
Pailan,,
Pairachali,,
Pakdaha,,
Pakhanna,,
Palasan,,
Palashi,,
Palashipara,,
Palasi,,
Palbazar,,
Palishgram,,
Palitpur,,
Pallagram,,
Palmer Bazar,,
Palpara,,
Palsanda,,
Palta,,
Palta Bazar,,
Paltadanga,,
Panagarh,23.45606,87.44718
Panagarh Bazar,,
Panagarh Bypass,,
Panagarh Darjeeling,,
Panchal,23.22789,87.28808
Panchanantala,,
Pancharul,,
Panchboga Flyover,,
Panchet,23.62085,86.77755
Panchgachia,,
Panchgram,24.20231,88.00814
Panchkari,,
Panchla,,
Panchmura,22.96546,87.16135
Panchpara Gram Panchayat,,
Panchpota,,
Panchthupi,23.88847,87.98843
Pandaveswar,23.72793,87.27089
Panditpur,,
Pandua,23.07492,88.28637
Pandugram,,
Panduk,,
Panikhali,,
Paniparul,21.74949,87.53621
Panna,,
Panpur,,
Panrui,,
Panshkura,,
Panskura,22.40418,87.71746
Panskura Bazar,,
Panskura Bypass,,
Pantihal,,
Panuda,,
Par Hasnabad,,
Paradihi,,
Parasidanga,,
Parbelia,,
Pardankuni,,
Parihati,22.51978,86.84851
Park Circus,,
Park Circus 4 No.,,
Park Circus 4 No. Bridge,,
Park Circus 7 Point,,
Park Circus Station,,
Park Circus WBTC Depot,,
Park Street,,
Parnasree,,
Parsola,,
Parthapur,,
Parulia,22.21277,88.17515
Parulia Bazar,,
Paschim Tajpur,,
Patamda,,
Patashpur,,
Pateswari Mandir,,
Patghara,,
Patharberia,,
Patharchapuri,,
Patharghata,,
Patharkumkumi,,
Patharmora,,
Patharpara,,
Patharpratima,,
Patinan,,
Patipukur,,
Patkelpota,,
Patpur,,
Patrasayer,,
Patshimulia,,
Patuli,,
Payrachali,,
Payragacha,,
Payragachi,,
Peerless Hospital,,
Peror,,
Petkulchand Bazar,,
Philips,,
Phoolbagan,,
Phooltala,,
Phulia,,
Piardoba,,
Piariganj,,
Pichaboni,,
Picnic Garden,,
Pifa Bazar,,
Pilkhana,,
Pingbani,,
Pingboni,,
Pingla,22.28315,87.58654
Pipra Kothi,,
Pirakata,22.56491,87.17945
Pirnagar,,
Pirtala,,
Pitambara,,
Piyariganj,,
Piyasara,,
Plassey,,
Poabagan,,
Poddar Court,,
Podder Court,,
Podra Bazar,,
Polerhat,,
Polerhat More,,
Police Line,,
Poradi,,
Poradih,23.6144,86.45817
Posta Bazar,,
Power House,,
Prasadpur,,
Pratap Dighi,21.98123,87.60068
Praxis Business School,,
Prayagraj,,
Princep Ghat,,
Priyor,,
Puabagan,,
Puinan,,
Pujali,,
Pukuria Hat,,
Puncha,23.15921,86.6484
Pundibari,,
Punjabi,,
Purandapur,,
Purandarpur,23.85534,87.5827
Purandarur,,
Purapara,,
Purash,,
Puratan Bazar,,
Puratan Bongaon,,
Purbachal 13no. Tank,,
Purbasthali,,
Puri,,
Purta Bhawan,,
Purulia,23.33062,86.36303
Putsuri,,
Quality,,
Quest Mall,,
R S Software,,
RG Kar,,
RN Chowdhury Road,,
Rabindra Nagar,,
Rabindra Sadan,,
Rabindra Sarani,,
Rabindra Sarovar,,
Radha Chemical,,
Radha Nagar,,
Radhadashi,,
Radhamani,,
Radhamoni,,
Radhanagar,23.15462,87.32344
Radhapur,,
Rafipur,,
Raghabkati,,
Raghunathganj,,
Raghunathgunj,,
Raghunathpur,23.53878,86.6735
Ragra,,
Rahana Bazar,,
Rahara Bazar,,
Rahatpur,,
Rahimpur,,
Raichak,,
Raidighi,,
Raiganj,25.61281,88.12449
Raigram,,
Raipur,22.79866,86.95145
Raja Rammohan Roy Road,,
Rajabagan,,
Rajabazar,,
Rajabazar Tram Depot,,
Rajahmundry,,
Rajapur,,
Rajarhat,,
Rajarhat Chowmatha,,
Rajbalhat,,
Rajballavpara,,
Rajbari,,
Rajberia,,
Rajchandrapur,,
Rajgram,,
Rajgunge,,
Rajhati,,
Rajibpur,,
Rajpur,,
Rajpur Bazar,,
Rakhera,,
Ram Mandir,,
Rambati,,
Ramchandrapur,,
Ramchandrapur Bazar,,
Ramdhari,,
Ramdiha,,
Rameshwar,,
Ramganga,,
Ramganga Bdo Office,,
Ramgarh,22.69295,87.05872
Ramhatitala,,
Ramjibanpur,22.82815,87.60888
Ramkrishna Talkies,,
Ramkundi,,
Ramlal Bazar,,
Ramnagar,22.77778,88.24639
Ramnarayanpur,,
Rampur,23.48441,86.56714
Rampur Quarter,,
Rampurhat,,
Ramrajatala,,
Ramsagar,,
Ramtarak,,
Ranaghat,23.17623,88.56667
Ranchi,,
Rangamati,26.80759,89.45724
Rangapur,,
Ranibandh,22.86453,86.78357
Ranichak,22.61546,87.81199
Raniganj,23.6164,87.13061
Raniganj Karunamoyee TNCBT,,
Raniganj Punjabi,,
Ranihati,,
Ranikuthi,,
Rasapunja,,
Rasgovindpur,,
Rashbehari,,
Rashbihari Crossing,,
Rashidpur,,
Rashmoni,,
Raskundu,,
Raspunja,,
Rasulpur,25.40056,87.97454
Ratanpur,23.10635,87.06991
Rathtala,,
Ratneshwarpur,,
Ratulia,,
Rayna,,
Reckjuani,,
Rejinagar,,
Reyapara,,
Ripon Street,,
Rishra,,
Rohini,22.16404,87.09006
Roy Bahadur Road,,
Ruby,,
Ruby Crossing,,
Rudra,22.63028,88.17528
Rudranagar,,
Rudrapur,,
Ruiya Purbapara,,
Runakuraghat,,
Rupmari Bazar,,
Rupnarayanpur,23.81489,86.88646
SDF,,
SM Nagar,,
Sabaldaha,,
Sabang,22.17768,87.59879
Sabedabagan,,
Sabrakon,,
Sabrakone,,
Sadarpur,,
Saduli,,
Sagardighi,,
Sagaria,,
Sagarpara,24.24546,88.70052
Sagrai,,
Sahagunj,,
Sahapur,22.52444,88.16694
Sahararhat,,
Sahaspur,,
Saheb Colony,,
Sahebdihi,,
Saheed Nagar,,
Sahidnagar,,
Saihati,,
Sainthia,23.94826,87.68045
Saiyadpara,,
Sajirhat,,
Sajnaberia,,
Sakher Bazar,,
Sakherbazar,,
Saktigarh,23.20898,87.97337
Salanpur,23.76702,86.87492
Salap,,
Salar,23.77082,88.10213
Salbari,,
Salboni,22.5545,87.46115
Saldiha,,
Salkia Chowrasta,,
Saltlake,,
Saltlake 10no Tank,,
Saltlake 12no Tank,,
Saltlake 13no Tank,,
Saltlake 14no Tank,,
Saltlake 16no Tank,,
Saltlake 206,,
Saltlake 4no Tank,,
Saltlake 7no Tank,,
Saltlake 9no Tank,,
Saltlake CA Block,,
Saltlake Gate,,
Saltlake Karunamoyee,,
Saltlake PNB,,
Saltlake Stadium,,
Saltora,23.52274,86.936
Salua,,
Salua Bazar,,
Salugara,,
Samaspur,25.95192,87.97966
Samshernagar,,
Samsi,,
Samudragarh,,
Sangrampur,,
Sanka,22.84839,88.45126
Sankarpur,,
Sankizahan,,
Sankrail,,
Sankrail Station,,
Sanksaharpukur,,
Sansat,,
Santaldih,,
Santasram,,
Santipur,23.24723,88.43302
Santoshpur,,
Santoshpur Station,,
Santragachi,22.58333,88.3
Santuri,23.5272,86.85709
Saptapally,,
Sapuipara,,
Sarada Park,,
Sarapul,,
Sarasberia,,
Sarberia,,
Sarbori More,,
Sardiha,,
Sarenga,22.76193,87.02124
Sargaria,,
Sarisha,,
Sarisha 246,,
Sarisha Ashram,,
Sarishahat,,
Sarkar Bazar,,
Sarkarpool,,
Sarsuna,,
Sasaram,,
Sashtir,,
Satgachia,23.27186,88.12691
Satgechia,,
Satighat,,
Satmile,,
Satyabala,,
Satyanarayan Park,,
Sautia,,
Science City,,
Sealdah,22.56263,88.36304
Sealdah Court,,
Sealdah Station,,
Sech Bhawan,,
Sector V,,
Sedighi,,
Sehagori,,
Sehara Bazar,,
Seherabazar,,
Seherakuri,,
Sekhdighi,,
Sendanga Bazar,,
Senerdanga,,
Sepaidighi,,
Serampore,,
Sevatayan,,
Sevayatan,,
Sevoke,,
Shaktigarh,,
Shakuntala Park,,
Shalimar Station,,
Shaltora,,
Shaluipahari,,
Shamali,,
Shamukpota,,
Shankarpur,,
Shankchura Bazar,,
Shanpur,,
Shantipur,,
Shantipur Bypass,,
Shantipur Dakghar Bus Stand,,
Shaoraberia,,
Shapooji Housing,,
Shapoorji,,
Shasan,,
Shasan Bazar,,
Shasati,,
Sheakhala,,
Sheikhdighi,,
Shekampur,,
Sherpur,,
Shibanipith,,
Shibda,,
Shiberhana,,
Shibganj Bazar,,
Shibgunge,,
Shibogram Dhalaichandi,,
Shibpur Bazar,,
Shibpur Junction,,
Shibpur Td,,
Shibrampur,,
Shibtala Math,,
Shikarpur,23.98082,88.71973
Shikharpur,,
Shikra,,
Shilberia,,
Shilpara,,
Shimulberia,,
Shimulia Ghat,,
Shimuliyahat,,
Shimulpur,,
Shimultala,,
Shipping Corporation,,
Shirakole,,
Shirishtala,,
Shonepur,,
Shrikhanda,,
Shrikole,,
Shrikrishnapur,,
Shrinagar,,
Shrirampur,,
Shunukpahari,,
Shyamasree,,
Shyambazar,,
Shyamchak,,
Shyamnagar,22.83333,88.36667
Shyampur,,
Shyamsundar,,
Siakhala,,
Sian Hospital,,
Sibanagar,,
Sibanipith,,
Sidda,,
Siddha,,
Siddhiberia,,
Sijua,,
Silda,22.61667,86.81667
Sili,,
Siliguri,26.71004,88.42851
Silpara,,
Simlabandh,,
Simlapal,22.91315,87.07183
Simulia,22.35778,88.19222
Sindrani,,
Sindri,23.40215,86.23022
Sindurpeti,,
Singa,,
Singarkone,,
Singhajuli,,
Singi,,
Singur,22.80917,88.22944
Sinthi,,
Sipaigachi,,
Sirishtala,,
Siriti,,
Sirkabad,23.27519,86.19833
Sishu Mangal,,
Sitai,,
Sitai N/O,,
Sitalia,,
Sitalpur,,
Sitapur,,
Situri,,
Sobedatala,,
Sodepur,,
Sodepur Girja,,
Sodepur Station,,
Sohai Bazar,,
Solpatta,,
Somragarh,,
Sonachura,,
Sonadaha,,
Sonakhali,,
Sonakhali Bus Stand,,
Sonamui,,
Sonamukhi,23.30521,87.41336
Sonarpur,,
Sonarpur Station,,
Sonarundi,,
Sonathali,,
Sondalia Bablatala,,
Sondalia Station,,
Sorai,,
South Bishnupur,,
South City,,
Southern Avenue,,
Sovabazar,,
Sreebhumi,,
Sreepally,,
Srichanda,,
Srikhanda,23.60219,88.07715
Srinagar,22.80573,87.58283
Srinathpur,,
Stadium Island,,
State Garage,,
Subarnapur,,
Subhash Colony,,
Subhash Sarovar,,
Subidpur,,
Sugandha,,
Suisa,23.19351,85.90227
Sujapur,,
Sukanta Nagar,,
Sukanta Park,,
Sukantanagar,,
Sukea Street,,
Sulekha,,
Sultannagar,25.44714,87.86009
Sundarpur,24.59962,87.97955
Sunderban Chowmatha,,
Sundia,,
Sunukpahari,,
Sureshwar Shiv Mandir,,
Suri,23.90806,87.52773
Surkikal,,
Surulia,23.33215,86.39595
Suryasen Nagar,,
Suryasen Street,,
Sushrut Eye Hospital,,
Sushrut Hospital,,
Susunia Hill,,
Sutahata,,
Sutia,,
Swabhumi,,
Swaminarayan Temple,,
Swarupnagar,,
Swastha Bhawan,,
Swasthya Bhawan,,
Syamnagar,22.01127,88.56023
TCS Gitanjali,,
TNCBT Siliguri,,
Taki,,
Taki Chowrangee,,
Talajuri,,
Taldangra,23.01756,87.10286
Taldi,,
Talit,,
Talit Rail Gate,,
Tamajuri,,
Tamkuhi Raj,,
Tamluk,22.30083,87.92593
Tangra,,
Tank 10,,
Tantipara,,
Tantirhat,,
Tantkanali,,
Tapan,,
Taragunia,,
Tarahat,,
Tarakeshwar,,
Tarakeswar,,
Taranipur,,
Tarapith,24.11197,87.7972
Tarar,,
Taratala,,
Tarkeshwar,,
Tarulia,,
Taruliahat,,
Tata Cancer Hospital,,
Tata Medical,,
Tatanagar,,
Tatarpur,,
Techno India,,
Technopolis,,
Teghari,,
Teghori,22.69761,88.57332
Teghoria,,
Tehatta,,
Telipukur,,
Tematha,,
Temathani,,
Tentulia,24.02,87.59609
Tentulia Bazar,,
Tentulmuri,,
Thakdari,,
Thakurpukur,,
Thakurpukur 3A,,
Thakurpukur 3A Bus Stand,,
Thakurpukur Bazar,,
Thakurpukur Cancer Hospital,,
Thanapara,,
Tikiapara,,
Tikiapara Bypass,,
Tilabani,,
Tilpara,,
Tiluri,,
Tinkonia,,
Tirupati,,
Titagarh,,
Tobin Road,,
Toll Tax,,
Tollygunge,,
Tollygunge Karunamoyee,,
Tollygunge Metro,,
Tollygunge Phari,,
Tollygunj Karunamoyee,,
Tollygunj Phari,,
Tollygunj Tram Depot,,
Tona,,
Topsia,,
Town Hall Para,,
Tribeni,,
Trilochanpur,,
Trilokchandrapur,,
Trimohini,,
Tulin,23.38073,85.89035
Tulshiberia,,
Tulsighata,,
Turka,,
Uchalan,23.03592,87.77485
Udang Bazar,,
Udaynarayanpur,,
Udbadal,,
Uem Campus,,
Ukhra,,
Ukhradihi,,
Ukilerhat,,
Ultadanga,,
Ultadanga HUDCO,,
Ultadanga Hudco,,
Uluberia,22.4756,88.09898
Uluberia Bypass,,
Uluberia Checkpost,,
Umarpur,24.44802,88.03266
Unitech Gate 1,,
Unitech Gate 2,,
Uparsol,,
Urma,23.43022,85.98897
Usthi,,
Uttar Chandipur,,
Uttar Panchannagram,,
Uttar Ramkrishnapur,,
Uttar Ramnagar,,
Uttar Sonakhali,,
Uttarbhag,,
Uttarbill,,
Uttarpara,,
VIP Bazar,,
VIP Road,,
Varanasi,,
Vastara,,
Vedic Village,,
Vidyasagar Setu,,
Vijayawada,,
Visakhapatnam,,
Vivekananda Road,,
Webel,,
Wellington,,
Westin,,
Wipro,,
Wireless,,
